queryIndex,identityIndex,passCount
0,0,165,10,15
0,1,165,18,24
0,2,165,18,18
0,3,165,14,9
0,4,165,28,28
0,5,165,15,15
0,6,165,26,20
0,7,165,16,22
0,8,165,9,7
0,9,165,12,11
0,10,165,9,11
0,11,165,6,6
0,12,165,15,13
0,13,165,14,17
0,14,165,23,26
0,15,165,9,13
0,16,165,16,15
0,17,165,25,27
0,18,165,11,11
0,19,165,9,5
0,20,165,5,12
0,21,165,11,10
0,22,165,17,18
0,23,165,20,20
0,24,165,17,17
0,25,165,4,9
0,26,165,24,23
0,27,165,16,12
0,28,165,21,17
0,29,165,21,22
0,30,165,17,17
0,31,165,15,19
0,32,165,6,3
0,33,165,11,13
0,34,165,8,9
0,35,165,18,16
0,36,165,28,27
0,37,165,21,18
0,38,165,21,17
0,39,165,15,16
0,40,165,22,23
0,41,165,8,10
0,42,165,9,9
0,43,165,12,9
0,44,165,21,22
0,45,165,1,3
0,46,165,13,8
0,47,165,20,15
0,48,165,24,20
0,49,165,11,10
0,50,165,15,15
0,51,165,25,19
0,52,165,17,17
0,53,165,6,7
0,54,165,6,4
0,55,165,8,15
0,56,165,15,13
0,57,165,7,3
0,58,165,28,27
0,59,165,24,27
0,60,165,14,14
0,61,165,27,24
0,62,165,8,8
0,63,165,24,22
0,64,165,15,21
0,65,165,10,14
0,66,165,3,7
0,67,165,13,16
0,68,165,11,12
0,69,165,7,2
0,70,165,35,31
0,71,165,10,13
0,72,165,13,12
0,73,165,25,23
0,74,165,23,25
0,75,165,10,12
0,76,165,22,23
0,77,165,3,4
0,78,165,34,31
0,79,165,26,23
0,80,165,21,19
0,81,165,16,15
0,82,165,13,15
0,83,165,12,15
0,84,165,25,21
0,85,165,5,5
0,86,165,23,24
0,87,165,25,23
0,88,165,15,20
0,89,165,33,30
0,90,165,7,8
0,91,165,46,44
0,92,165,19,16
0,93,165,25,25
0,94,165,3,7
0,95,165,15,14
0,96,165,10,10
0,97,165,10,9
0,98,165,17,20
0,99,165,16,18
0,100,165,14,11
0,101,165,27,27
0,102,165,9,13
0,103,165,15,20
0,104,165,29,34
0,105,165,11,10
0,106,165,18,16
0,107,165,34,32
0,108,165,28,25
0,109,165,25,27
0,110,165,17,14
0,111,165,30,25
0,112,165,23,22
0,113,165,19,19
0,114,165,23,19
0,115,165,36,33
0,116,165,42,41
0,117,165,8,9
0,118,165,15,15
0,119,165,19,22
0,120,165,18,15
0,121,165,20,19
0,122,165,24,22
0,123,165,25,21
0,124,165,36,37
0,125,165,25,24
0,126,165,16,18
0,127,165,20,22
0,128,165,23,20
0,129,165,23,21
0,130,165,26,28
0,131,165,24,19
0,132,165,21,17
0,133,165,28,29
0,134,165,18,20
0,135,165,12,13
0,136,165,16,18
0,137,165,6,8
0,138,165,12,14
0,139,165,13,9
0,140,165,11,13
0,141,165,21,24
0,142,165,22,16
0,143,165,11,8
0,144,165,18,14
0,145,165,3,9
0,146,165,26,25
0,147,165,12,18
0,148,165,39,36
0,149,165,11,21
0,150,165,29,32
0,151,165,9,14
0,152,165,18,18
0,153,165,22,28
0,154,165,8,5
0,155,165,13,11
0,156,165,29,27
0,157,165,23,21
0,158,165,20,13
0,159,165,16,12
0,160,165,12,14
0,161,165,11,11
0,162,165,21,17
0,163,165,16,14
0,164,165,27,23
0,165,165,8,10
0,166,165,15,17
0,167,165,28,30
0,168,165,26,23
0,169,165,12,9
0,170,165,17,19
0,171,165,22,20
0,172,165,18,18
0,173,165,10,8
0,174,165,9,11
0,175,165,30,32
0,176,165,18,19
0,177,165,17,15
0,178,165,39,42
0,179,165,18,15
0,180,165,15,12
0,181,165,10,11
0,182,165,14,17
0,183,165,39,39
0,184,165,13,15
0,185,165,37,38
0,186,165,13,14
0,187,165,30,21
0,188,165,11,18
0,189,165,24,24
0,190,165,16,16
0,191,165,14,21
0,192,165,4,6
0,193,165,15,13
0,194,165,18,19
0,195,165,18,19
0,196,165,20,24
0,197,165,6,5
0,198,165,14,15
0,199,165,9,8
0,200,165,19,16
0,201,165,19,22
0,202,165,22,22
0,203,165,18,19
0,204,165,15,22
0,205,165,15,14
0,206,165,17,14
0,207,165,20,27
0,208,165,5,11
0,209,165,18,17
0,210,165,21,24
0,211,165,32,28
0,212,165,23,25
0,213,165,9,10
0,214,165,12,12
0,215,165,21,24
0,216,165,8,8
0,217,165,25,20
0,218,165,29,29
0,219,165,18,15
0,220,165,11,7
0,221,165,21,20
0,222,165,24,25
0,223,165,14,11
0,224,165,20,17
0,225,165,5,5
0,226,165,11,11
0,227,165,28,32
0,228,165,14,18
0,229,165,13,14
0,230,165,30,27
0,231,165,9,15
0,232,165,17,16
0,233,165,19,21
0,234,165,9,9
0,235,165,22,24
0,236,165,16,16
0,237,165,15,16
0,238,165,24,27
0,239,165,29,29
0,240,165,20,21
0,241,165,28,25
0,242,165,14,14
0,243,165,24,27
0,244,165,11,11
0,245,165,14,11
0,246,165,23,18
0,247,165,24,17
0,248,165,6,6
0,249,165,18,20
0,250,165,6,5
0,251,165,20,20
0,252,165,9,10
0,253,165,12,14
0,254,165,33,25
0,255,165,23,23
0,256,165,9,12
0,257,165,8,9
0,258,165,15,10
0,259,165,11,5
0,260,165,16,19
0,261,165,19,20
0,262,165,19,17
0,263,165,15,13
0,264,165,6,4
0,265,165,13,9
0,266,165,19,18
0,267,165,25,22
0,268,165,21,20
0,269,165,9,13
0,270,165,10,15
0,271,165,27,26
0,272,165,25,28
0,273,165,9,11
0,274,165,31,30
0,275,165,23,21
0,276,165,14,12
0,277,165,27,29
0,278,165,14,17
0,279,165,7,5
0,280,165,9,12
0,281,165,3,4
0,282,165,7,11
0,283,165,24,24
0,284,165,10,9
0,285,165,26,27
0,286,165,5,8
0,287,165,24,24
0,288,165,43,39
0,289,165,15,14
0,290,165,18,20
0,291,165,32,32
0,292,165,17,18
0,293,165,9,6
0,294,165,23,24
0,295,165,20,13
0,296,165,21,18
0,297,165,21,24
0,298,165,18,18
0,299,165,20,20
0,300,165,18,14
0,301,165,10,17
0,302,165,14,13
0,303,165,32,33
0,304,165,16,16
0,305,165,20,13
0,306,165,14,17
0,307,165,14,16
0,308,165,28,26
0,309,165,27,23
0,310,165,20,22
0,311,165,17,20
0,312,165,22,14
0,313,165,20,20
0,314,165,29,23
0,315,165,21,14
0,316,165,26,25
0,317,165,24,23
0,318,165,10,12
0,319,165,22,22
0,320,165,14,16
0,321,165,34,17
0,322,165,25,17
0,323,165,21,20
0,324,165,16,17
0,325,165,21,15
0,326,165,15,10
0,327,165,28,27
0,328,165,25,24
0,329,165,14,14
0,330,165,13,14
0,331,165,13,14
0,332,165,19,14
0,333,165,19,16
0,334,165,21,18
0,335,165,15,15
0,336,165,13,16
0,337,165,17,8
0,338,165,22,18
0,339,165,17,14
0,340,165,23,19
0,341,165,20,18
0,342,165,24,19
0,343,165,22,22
0,344,165,35,25
0,345,165,20,16
0,346,165,24,16
0,347,165,19,15
0,348,165,19,15
0,349,165,20,25
0,350,165,28,19
0,351,165,17,15
0,352,165,20,18
0,353,165,27,27
0,354,165,21,20
0,355,165,19,16
0,356,165,24,18
0,357,165,24,24
0,358,165,21,22
0,359,165,28,25
0,360,165,23,27
0,361,165,18,12
0,362,165,32,30
0,363,165,20,19
0,364,165,17,18
0,365,165,14,11
0,366,165,26,22
0,367,165,24,16
0,368,165,19,12
0,369,165,18,23
0,370,165,15,15
0,371,165,15,15
0,372,165,16,17
0,373,165,22,19
0,374,165,20,24
0,375,165,19,15
0,376,165,25,20
0,377,165,15,16
0,378,165,27,27
0,379,165,14,9
0,380,165,29,26
0,381,165,16,18
0,382,165,32,32
0,383,165,15,19
0,384,165,27,19
0,385,165,14,7
0,386,165,13,13
0,387,165,17,18
0,388,165,21,17
0,389,165,22,26
0,390,165,12,13
0,391,165,13,12
0,392,165,13,15
0,393,165,9,14
0,394,165,16,11
0,395,165,15,19
0,396,165,14,13
0,397,165,27,18
0,398,165,22,20
0,399,165,24,20
0,400,165,23,15
0,401,165,30,22
0,402,165,18,21
0,403,165,18,18
0,404,165,28,25
0,405,165,27,28
0,406,165,30,24
0,407,165,21,20
0,408,165,18,12
0,409,165,24,25
0,410,165,18,11
0,411,165,24,29
0,412,165,27,19
0,413,165,28,22
0,414,165,31,21
0,415,165,29,25
0,416,165,24,25
0,417,165,21,21
0,418,165,34,25
0,419,165,26,17
0,420,165,20,22
0,421,165,23,23
0,422,165,26,33
0,423,165,21,18
0,424,165,28,24
0,425,165,30,22
0,426,165,23,23
0,427,165,34,39
0,428,165,23,18
0,429,165,25,17
0,430,165,7,11
0,431,165,21,15
0,432,165,24,17
0,433,165,25,23
0,434,165,26,20
0,435,165,22,19
0,436,165,36,26
0,437,165,20,22
0,438,165,32,28
0,439,165,18,17
0,440,165,21,19
0,441,165,20,16
0,442,165,22,22
0,443,165,20,16
0,444,165,28,26
0,445,165,34,29
0,446,165,20,22
0,447,165,18,11
0,448,165,22,11
0,449,165,14,13
0,450,165,23,19
0,451,165,14,11
0,452,165,21,27
0,453,165,22,17
0,454,165,20,21
0,455,165,24,25
0,456,165,19,14
0,457,165,14,7
0,458,165,23,20
0,459,165,10,9
0,460,165,25,23
0,461,165,24,23
0,462,165,21,16
0,463,165,29,18
0,464,165,23,25
0,465,165,29,32
0,466,165,20,14
0,467,165,30,26
0,468,165,25,25
0,469,165,15,11
0,470,165,32,24
0,471,165,20,17
0,472,165,37,30
0,473,165,28,24
0,474,165,26,23
0,475,165,21,21
0,476,165,22,24
0,477,165,23,16
0,478,165,22,26
0,479,165,20,23
0,480,165,26,25
0,481,165,20,14
0,482,165,26,21
0,483,165,23,24
0,484,165,34,33
0,485,165,29,24
0,486,165,24,19
0,487,165,19,15
0,488,165,14,16
0,489,165,19,18
0,490,165,14,15
0,491,165,27,20
0,492,165,19,17
0,493,165,22,19
0,494,165,35,26
0,495,165,19,14
0,496,165,22,19
0,497,165,11,14
0,498,165,16,19
0,499,165,20,19
0,500,165,21,22
0,501,165,17,16
0,502,165,24,18
0,503,165,22,22
0,504,165,31,26
0,505,165,34,29
0,506,165,18,19
0,507,165,24,24
0,508,165,32,24
0,509,165,18,18
0,510,165,29,20
0,511,165,26,22
0,512,165,19,14
0,513,165,24,20
0,514,165,34,26
0,515,165,34,26
0,516,165,26,22
0,517,165,31,20
0,518,165,23,21
0,519,165,20,23
0,520,165,16,14
0,521,165,21,20
0,522,165,28,24
0,523,165,22,22
0,524,165,22,18
0,525,165,22,16
0,526,165,16,11
0,527,165,27,23
0,528,165,26,26
0,529,165,28,22
0,530,165,31,24
0,531,165,18,19
0,532,165,23,20
0,533,165,12,16
0,534,165,17,16
0,535,165,34,25
0,536,165,21,15
0,537,165,20,19
0,538,165,32,26
0,539,165,25,24
0,540,165,24,25
0,541,165,30,26
0,542,165,16,13
0,543,165,28,21
0,544,165,17,20
0,545,165,26,21
0,546,165,21,18
0,547,165,22,11
0,548,165,28,20
0,549,165,17,15
0,550,165,28,26
0,551,165,21,23
0,552,165,30,23
0,553,165,22,22
0,554,165,27,22
0,555,165,24,18
0,556,165,26,23
0,557,165,28,26
0,558,165,23,19
0,559,165,18,12
0,560,165,6,9
0,561,165,26,16
0,562,165,19,19
0,563,165,18,20
0,564,165,21,19
0,565,165,23,17
0,566,165,26,25
0,567,165,25,21
0,568,165,27,20
0,569,165,25,22
0,570,165,26,14
0,571,165,19,20
0,572,165,20,20
0,573,165,19,16
0,574,165,28,18
0,575,165,21,15
0,576,165,20,18
0,577,165,18,22
0,578,165,18,21
0,579,165,20,18
0,580,165,19,15
0,581,165,13,11
0,582,165,34,25
0,583,165,19,12
0,584,165,23,20
0,585,165,21,12
0,586,165,24,26
0,587,165,24,16
0,588,165,22,17
0,589,165,20,21
0,590,165,22,21
0,591,165,24,21
0,592,165,16,11
0,593,165,20,20
0,594,165,21,17
0,595,165,28,30
0,596,165,17,24
0,597,165,21,21
0,598,165,21,16
0,599,165,23,18
0,600,165,17,17
0,601,165,25,20
0,602,165,17,14
0,603,165,35,28
0,604,165,0,0
0,605,165,0,0
0,606,165,0,0
0,607,165,0,0
0,608,165,0,0
0,609,165,0,0
0,610,165,0,0
0,611,165,0,0
0,612,165,0,0
0,613,165,0,0
0,614,165,0,0
0,615,165,0,0
0,616,165,0,0
0,617,165,0,0
0,618,165,0,0
0,619,165,0,0
0,620,165,0,0
0,621,165,0,0
0,622,165,0,0
0,623,165,0,0
0,624,165,0,0
0,625,165,0,0
0,626,165,0,0
0,627,165,0,0
0,628,165,0,0
0,629,165,0,0
0,630,165,0,0
0,631,165,0,0
0,632,165,0,0
0,633,165,0,0
0,634,165,0,0
0,635,165,0,0
0,636,165,0,0
0,637,165,0,0
0,638,165,0,0
0,639,165,0,0
0,640,165,0,0
0,641,165,0,0
0,642,165,0,0
0,643,165,0,0
0,644,165,0,0
0,645,165,0,0
0,646,165,0,0
0,647,165,0,0
0,648,165,0,0
0,649,165,0,0
0,650,165,0,0
0,651,165,0,0
0,652,165,0,0
0,653,165,0,0
0,654,165,0,0
0,655,165,0,0
0,656,165,0,0
0,657,165,0,0
0,658,165,0,0
0,659,165,0,0
0,660,165,0,0
0,661,165,0,0
0,662,165,0,0
0,663,165,0,0
0,664,165,0,0
0,665,165,0,0
0,666,165,0,0
0,667,165,0,0
0,668,165,0,0
0,669,165,0,0
0,670,165,0,0
0,671,165,0,0
0,672,165,0,0
0,673,165,0,0
0,674,165,0,0
0,675,165,0,0
0,676,165,0,0
0,677,165,0,0
0,678,165,0,0
0,679,165,0,0
0,680,165,0,0
0,681,165,0,0
0,682,165,0,0
0,683,165,0,0
0,684,165,0,0
0,685,165,0,0
0,686,165,0,0
0,687,165,0,0
0,688,165,0,0
0,689,165,0,0
0,690,165,0,0
0,691,165,0,0
0,692,165,0,0
0,693,165,0,0
0,694,165,0,0
0,695,165,0,0
0,696,165,0,0
0,697,165,0,0
0,698,165,0,0
0,699,165,0,0
0,700,165,0,0
0,701,165,0,0
0,702,165,0,0
0,703,165,0,0
0,704,165,0,0
0,705,165,0,0
0,706,165,0,0
0,707,165,0,0
0,708,165,0,0
0,709,165,0,0
0,710,165,0,0
0,711,165,0,0
0,712,165,0,0
0,713,165,0,0
0,714,165,0,0
0,715,165,0,0
0,716,165,0,0
0,717,165,0,0
0,718,165,0,0
0,719,165,0,0
0,720,165,0,0
0,721,165,0,0
0,722,165,0,0
0,723,165,0,0
0,724,165,0,0
0,725,165,0,0
0,726,165,0,0
0,727,165,0,0
0,728,165,0,0
0,729,165,0,0
0,730,165,0,0
0,731,165,0,0
0,732,165,0,0
0,733,165,0,0
0,734,165,0,0
0,735,165,0,0
0,736,165,0,0
0,737,165,0,0
0,738,165,0,0
0,739,165,0,0
0,740,165,0,0
0,741,165,0,0
0,742,165,0,0
0,743,165,0,0
0,744,165,0,0
0,745,165,0,0
0,746,165,0,0
0,747,165,0,0
0,748,165,0,0
0,749,165,0,0
0,750,165,0,0
0,751,165,0,0
0,752,165,0,0
0,753,165,0,0
0,754,165,0,0
0,755,165,0,0
0,756,165,0,0
0,757,165,0,0
0,758,165,0,0
0,759,165,0,0
0,760,165,0,0
0,761,165,0,0
0,762,165,0,0
0,763,165,0,0
0,764,165,0,0
0,765,165,0,0
0,766,165,0,0
0,767,165,0,0
0,768,165,0,0
0,769,165,0,0
0,770,165,0,0
0,771,165,0,0
0,772,165,0,0
0,773,165,0,0
0,774,165,0,0
0,775,165,0,0
0,776,165,0,0
0,777,165,0,0
0,778,165,0,0
0,779,165,0,0
0,780,165,0,0
0,781,165,0,0
0,782,165,0,0
0,783,165,0,0
0,784,165,0,0
0,785,165,0,0
0,786,165,0,0
0,787,165,0,0
0,788,165,0,0
0,789,165,0,0
0,790,165,0,0
0,791,165,0,0
0,792,165,0,0
0,793,165,0,0
0,794,165,0,0
0,795,165,0,0
0,796,165,0,0
0,797,165,0,0
0,798,165,0,0
0,799,165,0,0
0,800,165,0,0
0,801,165,0,0
0,802,165,0,0
0,803,165,0,0
0,804,165,0,0
0,805,165,0,0
0,806,165,0,0
0,807,165,0,0
0,808,165,0,0
0,809,165,0,0
0,810,165,0,0
0,811,165,0,0
0,812,165,0,0
0,813,165,0,0
0,814,165,0,0
0,815,165,0,0
0,816,165,0,0
0,817,165,0,0
0,818,165,0,0
0,819,165,0,0
0,820,165,0,0
0,821,165,0,0
0,822,165,0,0
0,823,165,0,0
0,824,165,0,0
0,825,165,0,0
0,826,165,0,0
0,827,165,0,0
0,828,165,0,0
0,829,165,0,0
0,830,165,0,0
0,831,165,0,0
0,832,165,0,0
0,833,165,0,0
0,834,165,0,0
0,835,165,0,0
0,836,165,0,0
0,837,165,0,0
0,838,165,0,0
0,839,165,0,0
0,840,165,0,0
0,841,165,0,0
0,842,165,0,0
0,843,165,0,0
0,844,165,0,0
0,845,165,0,0
0,846,165,0,0
0,847,165,0,0
0,848,165,0,0
0,849,165,0,0
0,850,165,0,0
0,851,165,0,0
0,852,165,0,0
0,853,165,0,0
0,854,165,0,0
0,855,165,0,0
0,856,165,0,0
0,857,165,0,0
0,858,165,0,0
0,859,165,0,0
0,860,165,0,0
0,861,165,0,0
0,862,165,0,0
0,863,165,0,0
0,864,165,0,0
0,865,165,0,0
0,866,165,0,0
0,867,165,0,0
0,868,165,0,0
0,869,165,0,0
0,870,165,0,0
0,871,165,0,0
0,872,165,0,0
0,873,165,0,0
0,874,165,0,0
0,875,165,0,0
0,876,165,0,0
0,877,165,0,0
0,878,165,0,0
0,879,165,0,0
0,880,165,0,0
0,881,165,0,0
0,882,165,0,0
0,883,165,0,0
0,884,165,0,0
0,885,165,0,0
0,886,165,0,0
0,887,165,0,0
0,888,165,0,0
0,889,165,0,0
0,890,165,0,0
0,891,165,0,0
0,892,165,0,0
0,893,165,0,0
0,894,165,0,0
0,895,165,0,0
0,896,165,0,0
0,897,165,0,0
0,898,165,0,0
0,899,165,0,0
0,900,165,0,0
0,901,165,0,0
0,902,165,0,0
0,903,165,0,0
0,904,165,0,0
0,905,165,0,0
1,0,18,165,18
1,1,15,165,11
1,2,6,165,9
1,3,13,165,12
1,4,19,165,21
1,5,26,165,22
1,6,16,165,15
1,7,7,165,8
1,8,5,165,5
1,9,21,165,21
1,10,11,165,10
1,11,12,165,10
1,12,25,165,26
1,13,28,165,25
1,14,19,165,19
1,15,17,165,15
1,16,25,165,16
1,17,21,165,23
1,18,18,165,14
1,19,26,165,19
1,20,23,165,26
1,21,20,165,17
1,22,11,165,9
1,23,5,165,7
1,24,15,165,18
1,25,4,165,5
1,26,38,165,31
1,27,18,165,16
1,28,9,165,8
1,29,13,165,12
1,30,32,165,24
1,31,12,165,10
1,32,9,165,10
1,33,21,165,20
1,34,7,165,8
1,35,11,165,10
1,36,25,165,18
1,37,67,165,53
1,38,8,165,11
1,39,27,165,25
1,40,9,165,9
1,41,17,165,11
1,42,15,165,12
1,43,14,165,14
1,44,21,165,16
1,45,5,165,8
1,46,17,165,17
1,47,17,165,15
1,48,14,165,14
1,49,13,165,8
1,50,22,165,14
1,51,10,165,8
1,52,20,165,18
1,53,29,165,19
1,54,15,165,15
1,55,15,165,13
1,56,13,165,10
1,57,23,165,20
1,58,24,165,17
1,59,18,165,14
1,60,20,165,15
1,61,39,165,43
1,62,24,165,18
1,63,23,165,19
1,64,18,165,22
1,65,16,165,20
1,66,12,165,15
1,67,35,165,33
1,68,27,165,18
1,69,6,165,2
1,70,9,165,6
1,71,16,165,17
1,72,18,165,21
1,73,12,165,15
1,74,26,165,23
1,75,7,165,8
1,76,17,165,15
1,77,40,165,30
1,78,22,165,19
1,79,15,165,11
1,80,11,165,12
1,81,23,165,20
1,82,14,165,16
1,83,23,165,24
1,84,13,165,13
1,85,23,165,18
1,86,19,165,16
1,87,19,165,13
1,88,11,165,14
1,89,20,165,18
1,90,8,165,6
1,91,17,165,15
1,92,21,165,17
1,93,36,165,25
1,94,10,165,6
1,95,5,165,7
1,96,13,165,10
1,97,25,165,24
1,98,17,165,12
1,99,20,165,16
1,100,27,165,25
1,101,18,165,21
1,102,10,165,9
1,103,27,165,22
1,104,51,165,46
1,105,22,165,17
1,106,30,165,28
1,107,10,165,11
1,108,20,165,16
1,109,25,165,25
1,110,28,165,23
1,111,23,165,22
1,112,17,165,17
1,113,21,165,20
1,114,6,165,3
1,115,17,165,18
1,116,7,165,5
1,117,14,165,17
1,118,8,165,6
1,119,7,165,8
1,120,25,165,31
1,121,25,165,27
1,122,39,165,33
1,123,23,165,21
1,124,26,165,25
1,125,9,165,6
1,126,25,165,21
1,127,23,165,22
1,128,23,165,22
1,129,40,165,23
1,130,21,165,15
1,131,36,165,27
1,132,24,165,19
1,133,13,165,11
1,134,10,165,5
1,135,12,165,12
1,136,31,165,19
1,137,12,165,11
1,138,10,165,7
1,139,5,165,5
1,140,25,165,21
1,141,29,165,25
1,142,29,165,29
1,143,26,165,33
1,144,27,165,16
1,145,12,165,9
1,146,13,165,17
1,147,28,165,26
1,148,48,165,42
1,149,30,165,25
1,150,23,165,24
1,151,31,165,19
1,152,10,165,8
1,153,29,165,26
1,154,50,165,40
1,155,18,165,16
1,156,9,165,13
1,157,25,165,18
1,158,7,165,9
1,159,27,165,25
1,160,7,165,2
1,161,21,165,15
1,162,21,165,15
1,163,15,165,16
1,164,17,165,12
1,165,14,165,15
1,166,20,165,22
1,167,10,165,8
1,168,15,165,13
1,169,14,165,20
1,170,26,165,21
1,171,17,165,11
1,172,18,165,16
1,173,16,165,13
1,174,6,165,5
1,175,15,165,17
1,176,19,165,23
1,177,14,165,21
1,178,22,165,20
1,179,20,165,19
1,180,15,165,9
1,181,16,165,13
1,182,30,165,27
1,183,40,165,24
1,184,45,165,36
1,185,6,165,7
1,186,24,165,23
1,187,26,165,25
1,188,11,165,10
1,189,32,165,18
1,190,17,165,17
1,191,24,165,18
1,192,14,165,7
1,193,9,165,9
1,194,8,165,9
1,195,16,165,16
1,196,10,165,7
1,197,21,165,16
1,198,5,165,4
1,199,25,165,17
1,200,27,165,21
1,201,31,165,20
1,202,15,165,10
1,203,54,165,46
1,204,22,165,16
1,205,24,165,11
1,206,35,165,25
1,207,30,165,13
1,208,22,165,12
1,209,21,165,22
1,210,22,165,11
1,211,11,165,8
1,212,25,165,23
1,213,26,165,12
1,214,11,165,7
1,215,8,165,5
1,216,23,165,20
1,217,8,165,6
1,218,19,165,14
1,219,48,165,34
1,220,16,165,18
1,221,24,165,23
1,222,12,165,11
1,223,21,165,20
1,224,40,165,32
1,225,49,165,44
1,226,18,165,16
1,227,31,165,30
1,228,11,165,10
1,229,35,165,23
1,230,30,165,30
1,231,19,165,13
1,232,28,165,24
1,233,31,165,26
1,234,20,165,11
1,235,35,165,30
1,236,22,165,12
1,237,33,165,30
1,238,20,165,18
1,239,23,165,14
1,240,15,165,12
1,241,24,165,19
1,242,17,165,15
1,243,38,165,29
1,244,19,165,21
1,245,25,165,16
1,246,18,165,15
1,247,32,165,31
1,248,33,165,29
1,249,26,165,24
1,250,14,165,8
1,251,24,165,20
1,252,31,165,20
1,253,15,165,9
1,254,29,165,24
1,255,22,165,12
1,256,12,165,8
1,257,39,165,34
1,258,24,165,24
1,259,16,165,12
1,260,22,165,27
1,261,35,165,21
1,262,27,165,26
1,263,19,165,21
1,264,48,165,37
1,265,30,165,22
1,266,32,165,20
1,267,33,165,23
1,268,27,165,11
1,269,15,165,10
1,270,11,165,9
1,271,5,165,3
1,272,25,165,20
1,273,18,165,14
1,274,37,165,28
1,275,25,165,11
1,276,20,165,20
1,277,29,165,26
1,278,10,165,8
1,279,19,165,17
1,280,6,165,6
1,281,26,165,17
1,282,19,165,15
1,283,13,165,15
1,284,57,165,50
1,285,25,165,15
1,286,27,165,23
1,287,21,165,14
1,288,13,165,12
1,289,20,165,22
1,290,11,165,12
1,291,18,165,14
1,292,20,165,18
1,293,18,165,20
1,294,8,165,8
1,295,23,165,23
1,296,21,165,21
1,297,20,165,13
1,298,28,165,22
1,299,19,165,14
1,300,20,165,15
1,301,19,165,17
1,302,7,165,7
1,303,7,165,5
1,304,2,165,5
1,305,6,165,6
1,306,9,165,10
1,307,14,165,10
1,308,6,165,9
1,309,4,165,7
1,310,2,165,2
1,311,12,165,10
1,312,5,165,6
1,313,3,165,4
1,314,16,165,14
1,315,9,165,13
1,316,11,165,13
1,317,8,165,7
1,318,13,165,12
1,319,12,165,11
1,320,7,165,6
1,321,13,165,9
1,322,10,165,15
1,323,10,165,8
1,324,3,165,3
1,325,4,165,4
1,326,4,165,10
1,327,1,165,2
1,328,15,165,15
1,329,7,165,6
1,330,5,165,6
1,331,8,165,8
1,332,11,165,10
1,333,5,165,5
1,334,7,165,4
1,335,13,165,14
1,336,2,165,4
1,337,5,165,4
1,338,8,165,7
1,339,32,165,19
1,340,6,165,4
1,341,6,165,11
1,342,2,165,1
1,343,9,165,5
1,344,6,165,4
1,345,9,165,9
1,346,8,165,7
1,347,3,165,4
1,348,10,165,9
1,349,9,165,9
1,350,5,165,6
1,351,3,165,3
1,352,13,165,8
1,353,5,165,2
1,354,8,165,8
1,355,14,165,13
1,356,7,165,6
1,357,11,165,8
1,358,8,165,4
1,359,9,165,13
1,360,10,165,6
1,361,11,165,8
1,362,8,165,7
1,363,12,165,22
1,364,13,165,9
1,365,12,165,12
1,366,11,165,12
1,367,10,165,10
1,368,6,165,11
1,369,15,165,16
1,370,13,165,9
1,371,5,165,1
1,372,3,165,2
1,373,10,165,8
1,374,6,165,6
1,375,6,165,8
1,376,12,165,12
1,377,4,165,4
1,378,6,165,7
1,379,19,165,14
1,380,10,165,9
1,381,12,165,7
1,382,8,165,7
1,383,11,165,12
1,384,4,165,7
1,385,16,165,18
1,386,6,165,7
1,387,14,165,11
1,388,9,165,11
1,389,6,165,5
1,390,7,165,10
1,391,10,165,11
1,392,4,165,1
1,393,8,165,8
1,394,10,165,11
1,395,21,165,17
1,396,6,165,2
1,397,1,165,2
1,398,7,165,4
1,399,10,165,12
1,400,3,165,5
1,401,11,165,10
1,402,12,165,12
1,403,8,165,7
1,404,5,165,3
1,405,8,165,10
1,406,27,165,21
1,407,7,165,7
1,408,16,165,17
1,409,4,165,5
1,410,11,165,11
1,411,10,165,15
1,412,11,165,10
1,413,17,165,15
1,414,10,165,9
1,415,10,165,9
1,416,1,165,1
1,417,6,165,8
1,418,3,165,4
1,419,9,165,9
1,420,3,165,3
1,421,3,165,5
1,422,12,165,18
1,423,13,165,16
1,424,15,165,17
1,425,9,165,10
1,426,12,165,12
1,427,3,165,3
1,428,14,165,12
1,429,12,165,8
1,430,10,165,8
1,431,19,165,9
1,432,8,165,7
1,433,15,165,11
1,434,12,165,13
1,435,5,165,5
1,436,5,165,4
1,437,3,165,5
1,438,16,165,7
1,439,3,165,5
1,440,3,165,3
1,441,4,165,4
1,442,12,165,12
1,443,13,165,16
1,444,13,165,18
1,445,13,165,12
1,446,12,165,5
1,447,8,165,5
1,448,6,165,11
1,449,11,165,15
1,450,22,165,21
1,451,18,165,15
1,452,10,165,11
1,453,9,165,6
1,454,5,165,3
1,455,18,165,14
1,456,20,165,18
1,457,7,165,6
1,458,4,165,5
1,459,14,165,9
1,460,3,165,6
1,461,13,165,11
1,462,0,165,0
1,463,11,165,7
1,464,10,165,7
1,465,6,165,10
1,466,6,165,4
1,467,8,165,8
1,468,9,165,7
1,469,5,165,3
1,470,4,165,6
1,471,7,165,12
1,472,8,165,7
1,473,5,165,4
1,474,6,165,8
1,475,11,165,7
1,476,2,165,1
1,477,10,165,9
1,478,12,165,13
1,479,11,165,15
1,480,16,165,13
1,481,9,165,10
1,482,7,165,2
1,483,12,165,5
1,484,16,165,15
1,485,15,165,9
1,486,26,165,21
1,487,3,165,5
1,488,12,165,14
1,489,17,165,15
1,490,7,165,5
1,491,11,165,10
1,492,11,165,9
1,493,12,165,9
1,494,7,165,5
1,495,5,165,4
1,496,3,165,4
1,497,9,165,9
1,498,5,165,4
1,499,12,165,11
1,500,3,165,3
1,501,15,165,8
1,502,12,165,12
1,503,16,165,13
1,504,7,165,5
1,505,31,165,20
1,506,7,165,7
1,507,13,165,5
1,508,18,165,13
1,509,14,165,12
1,510,10,165,5
1,511,5,165,8
1,512,11,165,2
1,513,6,165,4
1,514,16,165,13
1,515,11,165,5
1,516,6,165,6
1,517,2,165,1
1,518,12,165,10
1,519,6,165,3
1,520,10,165,9
1,521,26,165,20
1,522,7,165,10
1,523,9,165,10
1,524,3,165,3
1,525,6,165,10
1,526,24,165,18
1,527,18,165,12
1,528,7,165,3
1,529,13,165,13
1,530,3,165,5
1,531,17,165,9
1,532,13,165,11
1,533,13,165,9
1,534,14,165,12
1,535,17,165,14
1,536,12,165,7
1,537,20,165,19
1,538,10,165,6
1,539,16,165,16
1,540,10,165,10
1,541,10,165,9
1,542,7,165,7
1,543,11,165,12
1,544,7,165,9
1,545,23,165,19
1,546,8,165,8
1,547,9,165,6
1,548,13,165,10
1,549,16,165,14
1,550,18,165,10
1,551,14,165,15
1,552,7,165,4
1,553,10,165,9
1,554,15,165,5
1,555,5,165,3
1,556,12,165,12
1,557,7,165,6
1,558,6,165,4
1,559,20,165,19
1,560,13,165,11
1,561,9,165,7
1,562,13,165,16
1,563,12,165,11
1,564,13,165,12
1,565,9,165,11
1,566,19,165,15
1,567,17,165,13
1,568,14,165,9
1,569,19,165,10
1,570,16,165,6
1,571,9,165,8
1,572,3,165,3
1,573,1,165,1
1,574,7,165,10
1,575,11,165,9
1,576,15,165,16
1,577,13,165,7
1,578,8,165,11
1,579,12,165,12
1,580,6,165,6
1,581,3,165,5
1,582,7,165,4
1,583,8,165,7
1,584,10,165,10
1,585,8,165,9
1,586,27,165,24
1,587,10,165,9
1,588,14,165,12
1,589,7,165,3
1,590,6,165,6
1,591,11,165,12
1,592,5,165,4
1,593,7,165,6
1,594,6,165,5
1,595,7,165,6
1,596,4,165,4
1,597,11,165,11
1,598,10,165,12
1,599,10,165,9
1,600,10,165,10
1,601,7,165,7
1,602,10,165,7
1,603,11,165,11
1,604,0,165,165
1,605,0,165,165
1,606,0,165,165
1,607,0,165,165
1,608,0,165,165
1,609,0,165,165
1,610,0,165,165
1,611,0,165,165
1,612,0,165,165
1,613,0,165,165
1,614,0,165,165
1,615,0,165,165
1,616,0,165,165
1,617,0,165,165
1,618,0,165,165
1,619,0,165,165
1,620,0,165,165
1,621,0,165,165
1,622,0,165,165
1,623,0,165,165
1,624,0,165,165
1,625,0,165,165
1,626,0,165,165
1,627,0,165,165
1,628,0,165,165
1,629,0,165,165
1,630,0,165,165
1,631,0,165,165
1,632,0,165,165
1,633,0,165,165
1,634,0,165,165
1,635,0,165,165
1,636,0,165,165
1,637,0,165,165
1,638,0,165,165
1,639,0,165,165
1,640,0,165,165
1,641,0,165,165
1,642,0,165,165
1,643,0,165,165
1,644,0,165,165
1,645,0,165,165
1,646,0,165,165
1,647,0,165,165
1,648,0,165,165
1,649,0,165,165
1,650,0,165,165
1,651,0,165,165
1,652,0,165,165
1,653,0,165,165
1,654,0,165,165
1,655,0,165,165
1,656,0,165,165
1,657,0,165,165
1,658,0,165,165
1,659,0,165,165
1,660,0,165,165
1,661,0,165,165
1,662,0,165,165
1,663,0,165,165
1,664,0,165,165
1,665,0,165,165
1,666,0,165,165
1,667,0,165,165
1,668,0,165,165
1,669,0,165,165
1,670,0,165,165
1,671,0,165,165
1,672,0,165,165
1,673,0,165,165
1,674,0,165,165
1,675,0,165,165
1,676,0,165,165
1,677,0,165,165
1,678,0,165,165
1,679,0,165,165
1,680,0,165,165
1,681,0,165,165
1,682,0,165,165
1,683,0,165,165
1,684,0,165,165
1,685,0,165,165
1,686,0,165,165
1,687,0,165,165
1,688,0,165,165
1,689,0,165,165
1,690,0,165,165
1,691,0,165,165
1,692,0,165,165
1,693,0,165,165
1,694,0,165,165
1,695,0,165,165
1,696,0,165,165
1,697,0,165,165
1,698,0,165,165
1,699,0,165,165
1,700,0,165,165
1,701,0,165,165
1,702,0,165,165
1,703,0,165,165
1,704,0,165,165
1,705,0,165,165
1,706,0,165,165
1,707,0,165,165
1,708,0,165,165
1,709,0,165,165
1,710,0,165,165
1,711,0,165,165
1,712,0,165,165
1,713,0,165,165
1,714,0,165,165
1,715,0,165,165
1,716,0,165,165
1,717,0,165,165
1,718,0,165,165
1,719,0,165,165
1,720,0,165,165
1,721,0,165,165
1,722,0,165,165
1,723,0,165,165
1,724,0,165,165
1,725,0,165,165
1,726,0,165,165
1,727,0,165,165
1,728,0,165,165
1,729,0,165,165
1,730,0,165,165
1,731,0,165,165
1,732,0,165,165
1,733,0,165,165
1,734,0,165,165
1,735,0,165,165
1,736,0,165,165
1,737,0,165,165
1,738,0,165,165
1,739,0,165,165
1,740,0,165,165
1,741,0,165,165
1,742,0,165,165
1,743,0,165,165
1,744,0,165,165
1,745,0,165,165
1,746,0,165,165
1,747,0,165,165
1,748,0,165,165
1,749,0,165,165
1,750,0,165,165
1,751,0,165,165
1,752,0,165,165
1,753,0,165,165
1,754,0,165,165
1,755,0,165,165
1,756,0,165,165
1,757,0,165,165
1,758,0,165,165
1,759,0,165,165
1,760,0,165,165
1,761,0,165,165
1,762,0,165,165
1,763,0,165,165
1,764,0,165,165
1,765,0,165,165
1,766,0,165,165
1,767,0,165,165
1,768,0,165,165
1,769,0,165,165
1,770,0,165,165
1,771,0,165,165
1,772,0,165,165
1,773,0,165,165
1,774,0,165,165
1,775,0,165,165
1,776,0,165,165
1,777,0,165,165
1,778,0,165,165
1,779,0,165,165
1,780,0,165,165
1,781,0,165,165
1,782,0,165,165
1,783,0,165,165
1,784,0,165,165
1,785,0,165,165
1,786,0,165,165
1,787,0,165,165
1,788,0,165,165
1,789,0,165,165
1,790,0,165,165
1,791,0,165,165
1,792,0,165,165
1,793,0,165,165
1,794,0,165,165
1,795,0,165,165
1,796,0,165,165
1,797,0,165,165
1,798,0,165,165
1,799,0,165,165
1,800,0,165,165
1,801,0,165,165
1,802,0,165,165
1,803,0,165,165
1,804,0,165,165
1,805,0,165,165
1,806,0,165,165
1,807,0,165,165
1,808,0,165,165
1,809,0,165,165
1,810,0,165,165
1,811,0,165,165
1,812,0,165,165
1,813,0,165,165
1,814,0,165,165
1,815,0,165,165
1,816,0,165,165
1,817,0,165,165
1,818,0,165,165
1,819,0,165,165
1,820,0,165,165
1,821,0,165,165
1,822,0,165,165
1,823,0,165,165
1,824,0,165,165
1,825,0,165,165
1,826,0,165,165
1,827,0,165,165
1,828,0,165,165
1,829,0,165,165
1,830,0,165,165
1,831,0,165,165
1,832,0,165,165
1,833,0,165,165
1,834,0,165,165
1,835,0,165,165
1,836,0,165,165
1,837,0,165,165
1,838,0,165,165
1,839,0,165,165
1,840,0,165,165
1,841,0,165,165
1,842,0,165,165
1,843,0,165,165
1,844,0,165,165
1,845,0,165,165
1,846,0,165,165
1,847,0,165,165
1,848,0,165,165
1,849,0,165,165
1,850,0,165,165
1,851,0,165,165
1,852,0,165,165
1,853,0,165,165
1,854,0,165,165
1,855,0,165,165
1,856,0,165,165
1,857,0,165,165
1,858,0,165,165
1,859,0,165,165
1,860,0,165,165
1,861,0,165,165
1,862,0,165,165
1,863,0,165,165
1,864,0,165,165
1,865,0,165,165
1,866,0,165,165
1,867,0,165,165
1,868,0,165,165
1,869,0,165,165
1,870,0,165,165
1,871,0,165,165
1,872,0,165,165
1,873,0,165,165
1,874,0,165,165
1,875,0,165,165
1,876,0,165,165
1,877,0,165,165
1,878,0,165,165
1,879,0,165,165
1,880,0,165,165
1,881,0,165,165
1,882,0,165,165
1,883,0,165,165
1,884,0,165,165
1,885,0,165,165
1,886,0,165,165
1,887,0,165,165
1,888,0,165,165
1,889,0,165,165
1,890,0,165,165
1,891,0,165,165
1,892,0,165,165
1,893,0,165,165
1,894,0,165,165
1,895,0,165,165
1,896,0,165,165
1,897,0,165,165
1,898,0,165,165
1,899,0,165,165
1,900,0,165,165
1,901,0,165,165
1,902,0,165,165
1,903,0,165,165
1,904,0,165,165
1,905,0,165,165
2,0,8,8,165
2,1,26,13,165
2,2,13,12,165
2,3,43,26,165
2,4,27,26,165
2,5,34,35,165
2,6,3,3,165
2,7,34,29,165
2,8,10,10,165
2,9,6,6,165
2,10,36,27,165
2,11,34,30,165
2,12,21,21,165
2,13,24,21,165
2,14,19,9,165
2,15,19,18,165
2,16,17,16,165
2,17,12,12,165
2,18,11,8,165
2,19,13,17,165
2,20,23,20,165
2,21,17,20,165
2,22,12,10,165
2,23,19,13,165
2,24,11,13,165
2,25,28,27,165
2,26,24,21,165
2,27,19,15,165
2,28,38,28,165
2,29,14,16,165
2,30,14,8,165
2,31,11,10,165
2,32,9,9,165
2,33,32,23,165
2,34,11,9,165
2,35,12,13,165
2,36,22,14,165
2,37,11,15,165
2,38,10,11,165
2,39,5,4,165
2,40,19,20,165
2,41,13,10,165
2,42,38,31,165
2,43,16,8,165
2,44,19,14,165
2,45,23,19,165
2,46,22,12,165
2,47,20,20,165
2,48,12,7,165
2,49,23,20,165
2,50,26,24,165
2,51,7,3,165
2,52,19,18,165
2,53,27,26,165
2,54,11,8,165
2,55,21,17,165
2,56,16,13,165
2,57,14,8,165
2,58,17,13,165
2,59,16,17,165
2,60,7,12,165
2,61,5,11,165
2,62,8,6,165
2,63,16,7,165
2,64,19,20,165
2,65,7,6,165
2,66,28,22,165
2,67,17,15,165
2,68,27,29,165
2,69,20,25,165
2,70,15,14,165
2,71,37,26,165
2,72,21,23,165
2,73,19,14,165
2,74,23,21,165
2,75,12,7,165
2,76,23,23,165
2,77,12,11,165
2,78,29,31,165
2,79,12,7,165
2,80,28,28,165
2,81,6,5,165
2,82,10,9,165
2,83,11,10,165
2,84,25,19,165
2,85,19,15,165
2,86,12,13,165
2,87,24,21,165
2,88,6,7,165
2,89,18,19,165
2,90,8,13,165
2,91,20,19,165
2,92,13,14,165
2,93,44,38,165
2,94,18,11,165
2,95,18,17,165
2,96,48,39,165
2,97,14,11,165
2,98,12,11,165
2,99,24,18,165
2,100,30,19,165
2,101,12,7,165
2,102,17,19,165
2,103,8,8,165
2,104,30,29,165
2,105,37,26,165
2,106,24,20,165
2,107,23,21,165
2,108,14,11,165
2,109,12,12,165
2,110,13,13,165
2,111,12,11,165
2,112,22,16,165
2,113,20,17,165
2,114,16,14,165
2,115,30,22,165
2,116,26,24,165
2,117,11,11,165
2,118,17,13,165
2,119,23,20,165
2,120,22,18,165
2,121,18,17,165
2,122,17,19,165
2,123,30,14,165
2,124,13,16,165
2,125,18,18,165
2,126,30,27,165
2,127,22,20,165
2,128,32,22,165
2,129,18,19,165
2,130,12,12,165
2,131,33,32,165
2,132,17,16,165
2,133,31,31,165
2,134,14,14,165
2,135,29,21,165
2,136,16,12,165
2,137,18,12,165
2,138,9,10,165
2,139,27,20,165
2,140,13,9,165
2,141,27,30,165
2,142,24,23,165
2,143,16,13,165
2,144,11,9,165
2,145,19,14,165
2,146,7,10,165
2,147,9,7,165
2,148,22,23,165
2,149,38,23,165
2,150,11,7,165
2,151,11,12,165
2,152,13,9,165
2,153,16,9,165
2,154,8,2,165
2,155,15,10,165
2,156,8,7,165
2,157,14,16,165
2,158,10,7,165
2,159,12,13,165
2,160,27,21,165
2,161,19,12,165
2,162,22,18,165
2,163,12,10,165
2,164,27,20,165
2,165,16,15,165
2,166,37,27,165
2,167,28,28,165
2,168,7,6,165
2,169,14,10,165
2,170,12,12,165
2,171,12,7,165
2,172,15,13,165
2,173,32,24,165
2,174,11,13,165
2,175,23,29,165
2,176,29,24,165
2,177,9,10,165
2,178,11,10,165
2,179,25,16,165
2,180,15,15,165
2,181,17,9,165
2,182,9,10,165
2,183,20,16,165
2,184,11,11,165
2,185,6,7,165
2,186,11,9,165
2,187,7,3,165
2,188,46,34,165
2,189,7,8,165
2,190,20,19,165
2,191,16,12,165
2,192,14,17,165
2,193,17,18,165
2,194,17,20,165
2,195,24,18,165
2,196,24,21,165
2,197,12,10,165
2,198,14,10,165
2,199,31,34,165
2,200,16,24,165
2,201,6,8,165
2,202,27,21,165
2,203,19,18,165
2,204,9,4,165
2,205,16,12,165
2,206,12,7,165
2,207,16,15,165
2,208,24,22,165
2,209,21,20,165
2,210,23,21,165
2,211,16,17,165
2,212,13,7,165
2,213,30,28,165
2,214,26,18,165
2,215,8,8,165
2,216,22,15,165
2,217,15,15,165
2,218,51,43,165
2,219,35,30,165
2,220,6,7,165
2,221,12,13,165
2,222,17,12,165
2,223,11,9,165
2,224,14,13,165
2,225,15,15,165
2,226,17,12,165
2,227,20,20,165
2,228,20,14,165
2,229,16,18,165
2,230,36,31,165
2,231,20,21,165
2,232,11,10,165
2,233,17,16,165
2,234,7,6,165
2,235,15,15,165
2,236,26,20,165
2,237,19,16,165
2,238,16,14,165
2,239,17,18,165
2,240,21,15,165
2,241,27,17,165
2,242,14,18,165
2,243,18,16,165
2,244,16,13,165
2,245,10,11,165
2,246,12,10,165
2,247,12,7,165
2,248,8,4,165
2,249,3,4,165
2,250,9,9,165
2,251,6,7,165
2,252,21,18,165
2,253,35,32,165
2,254,26,23,165
2,255,25,22,165
2,256,18,14,165
2,257,13,14,165
2,258,25,18,165
2,259,17,15,165
2,260,16,12,165
2,261,18,10,165
2,262,8,10,165
2,263,29,22,165
2,264,20,21,165
2,265,9,5,165
2,266,27,22,165
2,267,11,10,165
2,268,18,22,165
2,269,23,23,165
2,270,16,16,165
2,271,14,12,165
2,272,19,21,165
2,273,15,14,165
2,274,24,22,165
2,275,8,7,165
2,276,11,16,165
2,277,18,20,165
2,278,29,18,165
2,279,6,9,165
2,280,22,17,165
2,281,13,11,165
2,282,17,13,165
2,283,25,21,165
2,284,13,9,165
2,285,24,23,165
2,286,15,11,165
2,287,7,5,165
2,288,25,15,165
2,289,6,6,165
2,290,24,17,165
2,291,10,12,165
2,292,34,14,165
2,293,8,4,165
2,294,15,13,165
2,295,3,3,165
2,296,54,48,165
2,297,14,14,165
2,298,23,18,165
2,299,4,6,165
2,300,16,11,165
2,301,16,16,165
2,302,3,1,165
2,303,7,5,165
2,304,10,11,165
2,305,19,11,165
2,306,13,16,165
2,307,16,17,165
2,308,0,1,165
2,309,23,14,165
2,310,6,3,165
2,311,2,1,165
2,312,15,12,165
2,313,13,11,165
2,314,11,11,165
2,315,9,11,165
2,316,11,5,165
2,317,13,13,165
2,318,7,9,165
2,319,8,7,165
2,320,2,2,165
2,321,4,7,165
2,322,8,9,165
2,323,9,8,165
2,324,4,5,165
2,325,7,5,165
2,326,6,7,165
2,327,16,13,165
2,328,10,9,165
2,329,8,7,165
2,330,17,16,165
2,331,4,4,165
2,332,8,2,165
2,333,1,2,165
2,334,3,3,165
2,335,17,11,165
2,336,6,5,165
2,337,5,5,165
2,338,9,8,165
2,339,2,6,165
2,340,4,6,165
2,341,1,1,165
2,342,5,9,165
2,343,6,5,165
2,344,18,22,165
2,345,6,1,165
2,346,7,4,165
2,347,8,7,165
2,348,10,7,165
2,349,9,5,165
2,350,5,5,165
2,351,11,10,165
2,352,14,8,165
2,353,1,2,165
2,354,11,9,165
2,355,15,14,165
2,356,6,5,165
2,357,7,4,165
2,358,8,8,165
2,359,5,4,165
2,360,9,7,165
2,361,8,11,165
2,362,2,3,165
2,363,2,3,165
2,364,2,2,165
2,365,6,2,165
2,366,7,9,165
2,367,4,3,165
2,368,15,12,165
2,369,7,11,165
2,370,12,15,165
2,371,12,13,165
2,372,3,3,165
2,373,18,11,165
2,374,10,9,165
2,375,7,7,165
2,376,7,10,165
2,377,6,3,165
2,378,12,11,165
2,379,5,5,165
2,380,13,16,165
2,381,4,5,165
2,382,14,15,165
2,383,2,4,165
2,384,5,4,165
2,385,8,6,165
2,386,11,9,165
2,387,8,6,165
2,388,3,4,165
2,389,11,8,165
2,390,1,2,165
2,391,4,7,165
2,392,3,6,165
2,393,9,12,165
2,394,8,6,165
2,395,24,19,165
2,396,9,7,165
2,397,2,3,165
2,398,23,25,165
2,399,11,8,165
2,400,6,5,165
2,401,11,5,165
2,402,12,6,165
2,403,3,3,165
2,404,10,7,165
2,405,2,3,165
2,406,19,20,165
2,407,20,14,165
2,408,13,14,165
2,409,9,9,165
2,410,10,3,165
2,411,3,8,165
2,412,2,3,165
2,413,7,8,165
2,414,7,5,165
2,415,8,5,165
2,416,12,8,165
2,417,13,16,165
2,418,17,13,165
2,419,3,6,165
2,420,9,8,165
2,421,12,12,165
2,422,9,8,165
2,423,9,8,165
2,424,7,14,165
2,425,10,8,165
2,426,6,10,165
2,427,8,8,165
2,428,13,9,165
2,429,15,12,165
2,430,16,7,165
2,431,6,9,165
2,432,5,5,165
2,433,15,16,165
2,434,12,9,165
2,435,21,18,165
2,436,7,8,165
2,437,12,9,165
2,438,8,8,165
2,439,7,6,165
2,440,4,4,165
2,441,12,14,165
2,442,7,6,165
2,443,14,11,165
2,444,16,17,165
2,445,7,5,165
2,446,6,6,165
2,447,7,6,165
2,448,5,3,165
2,449,2,2,165
2,450,13,13,165
2,451,19,12,165
2,452,6,3,165
2,453,7,5,165
2,454,4,4,165
2,455,4,3,165
2,456,6,3,165
2,457,5,5,165
2,458,3,3,165
2,459,8,7,165
2,460,5,5,165
2,461,8,4,165
2,462,12,15,165
2,463,8,5,165
2,464,12,11,165
2,465,9,6,165
2,466,6,5,165
2,467,6,4,165
2,468,15,12,165
2,469,11,15,165
2,470,5,5,165
2,471,7,5,165
2,472,6,5,165
2,473,8,5,165
2,474,5,4,165
2,475,9,8,165
2,476,10,9,165
2,477,14,19,165
2,478,14,14,165
2,479,3,6,165
2,480,5,2,165
2,481,15,9,165
2,482,7,7,165
2,483,5,1,165
2,484,2,3,165
2,485,11,8,165
2,486,6,6,165
2,487,3,3,165
2,488,5,3,165
2,489,4,3,165
2,490,23,15,165
2,491,4,4,165
2,492,8,9,165
2,493,6,3,165
2,494,7,7,165
2,495,11,10,165
2,496,6,7,165
2,497,10,11,165
2,498,10,9,165
2,499,7,4,165
2,500,2,4,165
2,501,12,19,165
2,502,10,14,165
2,503,3,3,165
2,504,15,14,165
2,505,7,11,165
2,506,3,3,165
2,507,9,10,165
2,508,2,3,165
2,509,7,7,165
2,510,12,11,165
2,511,5,5,165
2,512,10,9,165
2,513,6,9,165
2,514,4,2,165
2,515,13,7,165
2,516,11,6,165
2,517,2,3,165
2,518,10,5,165
2,519,5,6,165
2,520,26,20,165
2,521,18,12,165
2,522,3,3,165
2,523,8,8,165
2,524,8,8,165
2,525,4,6,165
2,526,8,8,165
2,527,7,5,165
2,528,6,5,165
2,529,14,12,165
2,530,10,7,165
2,531,7,9,165
2,532,18,16,165
2,533,8,13,165
2,534,6,7,165
2,535,8,10,165
2,536,3,0,165
2,537,7,7,165
2,538,9,8,165
2,539,10,7,165
2,540,8,9,165
2,541,10,9,165
2,542,8,7,165
2,543,9,6,165
2,544,5,8,165
2,545,8,6,165
2,546,10,7,165
2,547,5,4,165
2,548,5,4,165
2,549,4,3,165
2,550,5,3,165
2,551,2,0,165
2,552,4,5,165
2,553,2,2,165
2,554,11,10,165
2,555,21,16,165
2,556,11,11,165
2,557,15,13,165
2,558,8,6,165
2,559,5,8,165
2,560,13,11,165
2,561,6,6,165
2,562,5,5,165
2,563,9,5,165
2,564,4,5,165
2,565,16,13,165
2,566,7,11,165
2,567,6,3,165
2,568,9,10,165
2,569,5,5,165
2,570,10,15,165
2,571,8,9,165
2,572,7,8,165
2,573,7,5,165
2,574,10,13,165
2,575,5,5,165
2,576,15,13,165
2,577,3,4,165
2,578,5,7,165
2,579,9,11,165
2,580,13,7,165
2,581,4,3,165
2,582,10,10,165
2,583,6,5,165
2,584,8,6,165
2,585,13,7,165
2,586,6,5,165
2,587,13,13,165
2,588,7,5,165
2,589,4,2,165
2,590,14,10,165
2,591,4,4,165
2,592,11,6,165
2,593,7,6,165
2,594,13,8,165
2,595,4,1,165
2,596,6,7,165
2,597,4,2,165
2,598,28,21,165
2,599,7,6,165
2,600,16,11,165
2,601,1,2,165
2,602,7,4,165
2,603,5,4,165
2,604,0,165,165
2,605,0,165,165
2,606,0,165,165
2,607,0,165,165
2,608,0,165,165
2,609,0,165,165
2,610,0,165,165
2,611,0,165,165
2,612,0,165,165
2,613,0,165,165
2,614,0,165,165
2,615,0,165,165
2,616,0,165,165
2,617,0,165,165
2,618,0,165,165
2,619,0,165,165
2,620,0,165,165
2,621,0,165,165
2,622,0,165,165
2,623,0,165,165
2,624,0,165,165
2,625,0,165,165
2,626,0,165,165
2,627,0,165,165
2,628,0,165,165
2,629,0,165,165
2,630,0,165,165
2,631,0,165,165
2,632,0,165,165
2,633,0,165,165
2,634,0,165,165
2,635,0,165,165
2,636,0,165,165
2,637,0,165,165
2,638,0,165,165
2,639,0,165,165
2,640,0,165,165
2,641,0,165,165
2,642,0,165,165
2,643,0,165,165
2,644,0,165,165
2,645,0,165,165
2,646,0,165,165
2,647,0,165,165
2,648,0,165,165
2,649,0,165,165
2,650,0,165,165
2,651,0,165,165
2,652,0,165,165
2,653,0,165,165
2,654,0,165,165
2,655,0,165,165
2,656,0,165,165
2,657,0,165,165
2,658,0,165,165
2,659,0,165,165
2,660,0,165,165
2,661,0,165,165
2,662,0,165,165
2,663,0,165,165
2,664,0,165,165
2,665,0,165,165
2,666,0,165,165
2,667,0,165,165
2,668,0,165,165
2,669,0,165,165
2,670,0,165,165
2,671,0,165,165
2,672,0,165,165
2,673,0,165,165
2,674,0,165,165
2,675,0,165,165
2,676,0,165,165
2,677,0,165,165
2,678,0,165,165
2,679,0,165,165
2,680,0,165,165
2,681,0,165,165
2,682,0,165,165
2,683,0,165,165
2,684,0,165,165
2,685,0,165,165
2,686,0,165,165
2,687,0,165,165
2,688,0,165,165
2,689,0,165,165
2,690,0,165,165
2,691,0,165,165
2,692,0,165,165
2,693,0,165,165
2,694,0,165,165
2,695,0,165,165
2,696,0,165,165
2,697,0,165,165
2,698,0,165,165
2,699,0,165,165
2,700,0,165,165
2,701,0,165,165
2,702,0,165,165
2,703,0,165,165
2,704,0,165,165
2,705,0,165,165
2,706,0,165,165
2,707,0,165,165
2,708,0,165,165
2,709,0,165,165
2,710,0,165,165
2,711,0,165,165
2,712,0,165,165
2,713,0,165,165
2,714,0,165,165
2,715,0,165,165
2,716,0,165,165
2,717,0,165,165
2,718,0,165,165
2,719,0,165,165
2,720,0,165,165
2,721,0,165,165
2,722,0,165,165
2,723,0,165,165
2,724,0,165,165
2,725,0,165,165
2,726,0,165,165
2,727,0,165,165
2,728,0,165,165
2,729,0,165,165
2,730,0,165,165
2,731,0,165,165
2,732,0,165,165
2,733,0,165,165
2,734,0,165,165
2,735,0,165,165
2,736,0,165,165
2,737,0,165,165
2,738,0,165,165
2,739,0,165,165
2,740,0,165,165
2,741,0,165,165
2,742,0,165,165
2,743,0,165,165
2,744,0,165,165
2,745,0,165,165
2,746,0,165,165
2,747,0,165,165
2,748,0,165,165
2,749,0,165,165
2,750,0,165,165
2,751,0,165,165
2,752,0,165,165
2,753,0,165,165
2,754,0,165,165
2,755,0,165,165
2,756,0,165,165
2,757,0,165,165
2,758,0,165,165
2,759,0,165,165
2,760,0,165,165
2,761,0,165,165
2,762,0,165,165
2,763,0,165,165
2,764,0,165,165
2,765,0,165,165
2,766,0,165,165
2,767,0,165,165
2,768,0,165,165
2,769,0,165,165
2,770,0,165,165
2,771,0,165,165
2,772,0,165,165
2,773,0,165,165
2,774,0,165,165
2,775,0,165,165
2,776,0,165,165
2,777,0,165,165
2,778,0,165,165
2,779,0,165,165
2,780,0,165,165
2,781,0,165,165
2,782,0,165,165
2,783,0,165,165
2,784,0,165,165
2,785,0,165,165
2,786,0,165,165
2,787,0,165,165
2,788,0,165,165
2,789,0,165,165
2,790,0,165,165
2,791,0,165,165
2,792,0,165,165
2,793,0,165,165
2,794,0,165,165
2,795,0,165,165
2,796,0,165,165
2,797,0,165,165
2,798,0,165,165
2,799,0,165,165
2,800,0,165,165
2,801,0,165,165
2,802,0,165,165
2,803,0,165,165
2,804,0,165,165
2,805,0,165,165
2,806,0,165,165
2,807,0,165,165
2,808,0,165,165
2,809,0,165,165
2,810,0,165,165
2,811,0,165,165
2,812,0,165,165
2,813,0,165,165
2,814,0,165,165
2,815,0,165,165
2,816,0,165,165
2,817,0,165,165
2,818,0,165,165
2,819,0,165,165
2,820,0,165,165
2,821,0,165,165
2,822,0,165,165
2,823,0,165,165
2,824,0,165,165
2,825,0,165,165
2,826,0,165,165
2,827,0,165,165
2,828,0,165,165
2,829,0,165,165
2,830,0,165,165
2,831,0,165,165
2,832,0,165,165
2,833,0,165,165
2,834,0,165,165
2,835,0,165,165
2,836,0,165,165
2,837,0,165,165
2,838,0,165,165
2,839,0,165,165
2,840,0,165,165
2,841,0,165,165
2,842,0,165,165
2,843,0,165,165
2,844,0,165,165
2,845,0,165,165
2,846,0,165,165
2,847,0,165,165
2,848,0,165,165
2,849,0,165,165
2,850,0,165,165
2,851,0,165,165
2,852,0,165,165
2,853,0,165,165
2,854,0,165,165
2,855,0,165,165
2,856,0,165,165
2,857,0,165,165
2,858,0,165,165
2,859,0,165,165
2,860,0,165,165
2,861,0,165,165
2,862,0,165,165
2,863,0,165,165
2,864,0,165,165
2,865,0,165,165
2,866,0,165,165
2,867,0,165,165
2,868,0,165,165
2,869,0,165,165
2,870,0,165,165
2,871,0,165,165
2,872,0,165,165
2,873,0,165,165
2,874,0,165,165
2,875,0,165,165
2,876,0,165,165
2,877,0,165,165
2,878,0,165,165
2,879,0,165,165
2,880,0,165,165
2,881,0,165,165
2,882,0,165,165
2,883,0,165,165
2,884,0,165,165
2,885,0,165,165
2,886,0,165,165
2,887,0,165,165
2,888,0,165,165
2,889,0,165,165
2,890,0,165,165
2,891,0,165,165
2,892,0,165,165
2,893,0,165,165
2,894,0,165,165
2,895,0,165,165
2,896,0,165,165
2,897,0,165,165
2,898,0,165,165
2,899,0,165,165
2,900,0,165,165
2,901,0,165,165
2,902,0,165,165
2,903,0,165,165
2,904,0,165,165
2,905,0,165,165