identityIndex,passCount
0,165
1,165
2,165
3,165
4,165
5,165
6,165
7,165
8,165
9,165
10,165
11,165
12,165
13,165
14,165
15,165
16,165
17,165
18,165
19,165
20,165
21,165
22,165
23,165
24,165
25,165
26,165
27,165
28,165
29,165
30,165
31,165
32,165
33,165
34,165
35,165
36,165
37,165
38,165
39,165
40,165
41,165
42,165
43,165
44,165
45,165
46,165
47,165
48,165
49,165
50,165
51,165
52,165
53,165
54,165
55,165
56,165
57,165
58,165
59,165
60,165
61,165
62,165
63,165
64,165
65,165
66,165
67,165
68,165
69,165
70,165
71,165
72,165
73,165
74,165
75,165
76,165
77,165
78,165
79,165
80,165
81,165
82,165
83,165
84,165
85,165
86,165
87,165
88,165
89,165
90,165
91,165
92,165
93,165
94,165
95,165
96,165
97,165
98,165
99,165
100,165
101,165
102,165
103,165
104,165
105,165
106,165
107,165
108,165
109,165
110,165
111,165
112,165
113,165
114,165
115,165
116,165
117,165
118,165
119,165
120,165
121,165
122,165
123,165
124,165
125,165
126,165
127,165
128,165
129,165
130,165
131,165
132,165
133,165
134,165
135,165
136,165
137,165
138,165
139,165
140,165
141,165
142,165
143,165
144,165
145,165
146,165
147,165
148,165
149,165
150,165
151,165
152,165
153,165
154,165
155,165
156,165
157,165
158,165
159,165
160,165
161,165
162,165
163,165
164,165
165,165
166,165
167,165
168,165
169,165
170,165
171,165
172,165
173,165
174,165
175,165
176,165
177,165
178,165
179,165
180,165
181,165
182,165
183,165
184,165
185,165
186,165
187,165
188,165
189,165
190,165
191,165
192,165
193,165
194,165
195,165
196,165
197,165
198,165
199,165
200,165
201,165
202,165
203,165
204,165
205,165
206,165
207,165
208,165
209,165
210,165
211,165
212,165
213,165
214,165
215,165
216,165
217,165
218,165
219,165
220,165
221,165
222,165
223,165
224,165
225,165
226,165
227,165
228,165
229,165
230,165
231,165
232,165
233,165
234,165
235,165
236,165
237,165
238,165
239,165
240,165
241,165
242,165
243,165
244,165
245,165
246,165
247,165
248,165
249,165
250,165
251,165
252,165
253,165
254,165
255,165
256,165
257,165
258,165
259,165
260,165
261,165
262,165
263,165
264,165
265,165
266,165
267,165
268,165
269,165
270,165
271,165
272,165
273,165
274,165
275,165
276,165
277,165
278,165
279,165
280,165
281,165
282,165
283,165
284,165
285,165
286,165
287,165
288,165
289,165
290,165
291,165
292,165
293,165
294,165
295,165
296,165
297,165
298,165
299,165
300,165
301,165
302,68
303,105
304,71
305,96
306,87
307,85
308,72
309,98
310,83
311,94
312,89
313,81
314,117
315,79
316,79
317,97
318,63
319,94
320,101
321,116
322,109
323,79
324,96
325,102
326,99
327,89
328,89
329,74
330,67
331,70
332,83
333,91
334,98
335,76
336,86
337,91
338,107
339,101
340,103
341,97
342,83
343,98
344,113
345,82
346,89
347,76
348,91
349,93
350,101
351,94
352,85
353,78
354,97
355,97
356,70
357,97
358,89
359,119
360,98
361,84
362,91
363,79
364,93
365,83
366,103
367,101
368,90
369,89
370,87
371,88
372,94
373,78
374,84
375,98
376,94
377,89
378,108
379,78
380,89
381,95
382,105
383,81
384,125
385,69
386,81
387,97
388,116
389,97
390,74
391,94
392,59
393,76
394,93
395,95
396,76
397,92
398,101
399,74
400,116
401,83
402,86
403,89
404,92
405,81
406,109
407,87
408,99
409,96
410,80
411,91
412,104
413,83
414,110
415,90
416,108
417,87
418,118
419,117
420,78
421,84
422,75
423,92
424,102
425,97
426,90
427,97
428,102
429,98
430,67
431,94
432,102
433,90
434,85
435,100
436,102
437,76
438,85
439,90
440,90
441,83
442,88
443,86
444,110
445,101
446,101
447,80
448,103
449,88
450,90
451,95
452,90
453,90
454,93
455,100
456,95
457,63
458,118
459,61
460,84
461,100
462,101
463,101
464,82
465,94
466,83
467,96
468,87
469,80
470,108
471,88
472,92
473,96
474,87
475,115
476,97
477,116
478,101
479,94
480,99
481,93
482,109
483,92
484,113
485,81
486,86
487,107
488,77
489,80
490,67
491,101
492,85
493,88
494,87
495,90
496,96
497,77
498,74
499,93
500,100
501,83
502,85
503,94
504,80
505,96
506,70
507,101
508,116
509,79
510,82
511,70
512,101
513,80
514,103
515,106
516,87
517,94
518,78
519,81
520,95
521,88
522,101
523,92
524,96
525,87
526,79
527,85
528,88
529,106
530,90
531,83
532,100
533,83
534,61
535,84
536,96
537,111
538,101
539,84
540,79
541,102
542,105
543,95
544,91
545,109
546,74
547,109
548,91
549,69
550,88
551,75
552,100
553,101
554,73
555,111
556,105
557,85
558,97
559,101
560,73
561,98
562,96
563,84
564,71
565,99
566,92
567,98
568,118
569,88
570,106
571,91
572,84
573,88
574,85
575,86
576,90
577,77
578,71
579,106
580,79
581,77
582,110
583,104
584,101
585,92
586,104
587,109
588,113
589,87
590,75
591,87
592,68
593,106
594,75
595,106
596,75
597,104
598,87
599,110
600,78
601,92
602,72
603,119
604,17
605,18
606,17
607,17
608,17
609,17
610,17
611,18
612,17
613,17
614,17
615,17
616,17
617,17
618,19
619,17
620,17
621,17
622,17
623,18
624,17
625,18
626,18
627,17
628,17
629,17
630,18
631,17
632,18
633,17
634,17
635,17
636,17
637,17
638,17
639,17
640,17
641,17
642,17
643,17
644,17
645,17
646,18
647,18
648,18
649,18
650,17
651,17
652,17
653,17
654,17
655,17
656,17
657,17
658,17
659,17
660,17
661,17
662,17
663,17
664,17
665,17
666,17
667,17
668,17
669,17
670,19
671,18
672,18
673,17
674,18
675,17
676,18
677,18
678,18
679,17
680,18
681,17
682,17
683,17
684,18
685,17
686,17
687,17
688,18
689,17
690,17
691,17
692,17
693,17
694,17
695,17
696,18
697,17
698,17
699,17
700,17
701,18
702,17
703,17
704,17
705,17
706,17
707,17
708,17
709,17
710,17
711,17
712,18
713,17
714,17
715,17
716,17
717,17
718,18
719,17
720,17
721,17
722,19
723,17
724,17
725,17
726,17
727,17
728,17
729,17
730,17
731,17
732,18
733,17
734,17
735,18
736,17
737,18
738,18
739,17
740,17
741,17
742,17
743,17
744,17
745,18
746,17
747,17
748,17
749,18
750,17
751,18
752,17
753,17
754,18
755,18
756,17
757,17
758,17
759,17
760,18
761,17
762,17
763,17
764,17
765,18
766,17
767,19
768,18
769,18
770,17
771,17
772,17
773,17
774,18
775,18
776,18
777,17
778,17
779,17
780,17
781,17
782,17
783,17
784,17
785,17
786,17
787,18
788,17
789,18
790,17
791,17
792,18
793,18
794,17
795,17
796,17
797,18
798,17
799,17
800,18
801,17
802,17
803,17
804,17
805,17
806,17
807,17
808,18
809,17
810,17
811,17
812,17
813,18
814,18
815,18
816,17
817,17
818,17
819,17
820,17
821,17
822,17
823,17
824,18
825,17
826,17
827,17
828,17
829,17
830,18
831,17
832,17
833,18
834,17
835,17
836,17
837,18
838,17
839,17
840,17
841,17
842,17
843,17
844,17
845,17
846,17
847,17
848,17
849,17
850,18
851,17
852,17
853,17
854,17
855,17
856,17
857,17
858,17
859,17
860,17
861,17
862,17
863,17
864,17
865,17
866,17
867,17
868,17
869,17
870,17
871,17
872,18
873,18
874,17
875,17
876,18
877,18
878,18
879,18
880,17
881,17
882,19
883,17
884,17
885,17
886,17
887,17
888,17
889,17
890,17
891,17
892,17
893,17
894,17
895,18
896,17
897,17
898,18
899,17
900,17
901,17
902,17
903,18
904,17
905,17